student_id,full_name,attendance_rate,score_mean,failed_concepts,attendance_risk,grade_risk,concept_risk,risk_score,rank
S0140,Rowan Mahmoud,53.85,65.85454545454546,21,0.46149999999999997,0.3414545454545454,0.84,0.489,1
S0469,Rowan Refaat,61.54,68.7090909090909,22,0.3846,0.31290909090909097,0.88,0.455,2
S0445,Omar Habib,61.54,70.0909090909091,22,0.3846,0.2990909090909091,0.88,0.449,3
S0408,Adel Mahmoud,61.54,65.53636363636363,19,0.3846,0.3446363636363637,0.76,0.444,4
S0415,Khaled Refaat,69.23,65.9090909090909,23,0.3077,0.34090909090909094,0.92,0.443,5
S0451,Karim Gamal,69.23,60.76363636363636,20,0.3077,0.3923636363636364,0.8,0.44,6
S0286,Laila ElGhandour,69.23,65.83636363636363,22,0.3077,0.34163636363636374,0.88,0.436,7
S0412,Amr Abdelaziz,57.69,65.89090909090909,16,0.42310000000000003,0.3410909090909091,0.64,0.434,8
S0147,Fady Awad,51.85,67.7090909090909,14,0.4815,0.322909090909091,0.56,0.434,9
S0279,Ziad Farouk,69.23,66.44545454545454,22,0.3077,0.3355454545454546,0.88,0.433,10
S0210,Nada Nasr,61.54,59.41818181818182,14,0.3846,0.4058181818181818,0.56,0.428,11
S0074,Sherif Zaki,69.23,67.99090909090908,22,0.3077,0.32009090909090915,0.88,0.427,12
S0073,Fady Refaat,57.69,65.57272727272726,15,0.42310000000000003,0.34427272727272734,0.6,0.427,13
S0247,Ali ElGhandour,69.23,60.51818181818182,18,0.3077,0.3948181818181818,0.72,0.425,14
S0400,Menna Abdelaziz,61.54,72.2090909090909,20,0.3846,0.27790909090909094,0.8,0.425,15
S0472,Malak Refaat,65.38,62.61818181818182,17,0.34620000000000006,0.3738181818181818,0.68,0.424,16
S0414,Dina ElMasry,57.69,60.64545454545455,12,0.42310000000000003,0.39354545454545453,0.48,0.423,17
S0349,Karim Halim,69.23,71.01818181818182,23,0.3077,0.28981818181818186,0.92,0.423,18
S0201,Rowan ElBaz,50.0,52.76363636363636,4,0.5,0.47236363636363643,0.16,0.421,19
S0263,Aya Ramadan,57.69,55.345454545454544,9,0.42310000000000003,0.4465454545454546,0.36,0.42,20
S0153,Malak Gamal,65.38,67.9090909090909,19,0.34620000000000006,0.3209090909090909,0.76,0.419,21
S0339,Amr ElMasry,65.38,60.16363636363636,15,0.34620000000000006,0.3983636363636364,0.6,0.418,22
S0331,Farida ElShafei,69.23,70.30909090909091,22,0.3077,0.2969090909090909,0.88,0.418,23
S0238,Omar Mansour,65.38,74.96363636363637,22,0.34620000000000006,0.25036363636363634,0.88,0.415,24
S0083,Seif ElMasry,61.54,74.64545454545454,20,0.3846,0.2535454545454546,0.8,0.415,25
S0217,Tarek ElGhandour,69.23,65.03636363636363,19,0.3077,0.3496363636363637,0.76,0.415,26
S0240,Marwan Naguib,69.23,73.39090909090909,23,0.3077,0.2660909090909091,0.92,0.414,27
S0299,Seif ElShafei,65.38,73.00909090909092,21,0.34620000000000006,0.2699090909090909,0.84,0.414,28
S0226,Mahmoud Soliman,65.38,65.5909090909091,17,0.34620000000000006,0.34409090909090906,0.68,0.412,29
S0053,Hassan Refaat,65.38,76.12727272727273,22,0.34620000000000006,0.23872727272727276,0.88,0.41,30
S0127,Laila Mansour,61.54,52.127272727272725,8,0.3846,0.4787272727272727,0.32,0.409,31
S0142,Habiba Halim,61.54,54.17272727272727,9,0.3846,0.4582727272727273,0.36,0.409,32
S0302,Laila ElMasry,65.38,65.12727272727273,16,0.34620000000000006,0.3487272727272728,0.64,0.406,33
S0421,Dina Mahmoud,65.38,67.54545454545455,17,0.34620000000000006,0.3245454545454545,0.68,0.404,34
S0258,Hassan Nasr,53.85,55.209090909090904,5,0.46149999999999997,0.447909090909091,0.2,0.404,35
S0344,Dina Habib,65.38,63.6,15,0.34620000000000006,0.364,0.6,0.404,36
S0375,Omar Naguib,65.38,57.809090909090905,12,0.34620000000000006,0.42190909090909096,0.48,0.403,37
S0236,Yasmin Saad,69.23,68.22727272727273,19,0.3077,0.31772727272727264,0.76,0.402,38
S0351,Habiba Shawky,69.23,70.55454545454546,20,0.3077,0.29445454545454536,0.8,0.401,39
S0042,Abdelrahman Ramadan,69.23,58.81818181818182,14,0.3077,0.4118181818181818,0.56,0.4,40
S0242,Hana ElBaz,65.38,72.52727272727272,19,0.34620000000000006,0.2747272727272728,0.76,0.4,41
S0447,Fady Farouk,65.38,46.92727272727273,6,0.34620000000000006,0.5307272727272727,0.24,0.399,42
S0399,Rana Mansour,73.08,57.2,15,0.2692,0.428,0.6,0.399,43
S0128,Karim Kamel,69.23,73.25454545454545,21,0.3077,0.2674545454545455,0.84,0.398,44
S0284,Amr Naguib,69.23,61.22727272727273,15,0.3077,0.38772727272727275,0.6,0.398,45
S0494,Hassan Refaat,69.23,45.38181818181818,7,0.3077,0.5461818181818182,0.28,0.398,46
S0088,Ziad ElMasry,76.92,63.72727272727273,20,0.23079999999999998,0.36272727272727273,0.8,0.397,47
S0481,Hassan Awad,69.23,59.58181818181818,14,0.3077,0.4041818181818182,0.56,0.397,48
S0315,Aya Zaki,65.38,51.49090909090909,8,0.34620000000000006,0.4850909090909091,0.32,0.397,49
S0453,Marwan ElBaz,57.69,47.654545454545456,2,0.42310000000000003,0.5234545454545454,0.08,0.395,50
S0106,Karim Soliman,73.08,56.35454545454545,14,0.2692,0.4364545454545455,0.56,0.394,51
S0271,Sara ElSayed,69.23,60.209090909090904,14,0.3077,0.397909090909091,0.56,0.394,52
S0353,Amr Ibrahim,69.23,52.56363636363637,10,0.3077,0.4743636363636363,0.4,0.393,53
S0424,Omar Shawky,61.54,56.1,8,0.3846,0.439,0.32,0.393,54
S0093,Menna Saad,73.08,68.76363636363637,20,0.2692,0.31236363636363634,0.8,0.393,55
S0178,Ziad ElGhandour,69.23,70.78181818181818,19,0.3077,0.2921818181818182,0.76,0.392,56
S0365,Adel Ramadan,76.92,71.27272727272727,23,0.23079999999999998,0.28727272727272735,0.92,0.391,57
S0136,Laila Mahmoud,73.08,65.10000000000001,18,0.2692,0.3489999999999999,0.72,0.391,58
S0253,Ali ElSayed,76.92,69.58181818181818,22,0.23079999999999998,0.3041818181818182,0.88,0.39,59
S0157,Esraa ElBaz,65.38,57.00909090909091,10,0.34620000000000006,0.4299090909090909,0.4,0.39,60
S0144,Ahmed Halim,76.92,67.54545454545455,21,0.23079999999999998,0.3245454545454545,0.84,0.39,61
S0013,Hassan Zaki,76.92,53.64545454545455,14,0.23079999999999998,0.46354545454545454,0.56,0.39,62
S0377,Mona ElMasry,69.23,63.98181818181818,15,0.3077,0.3601818181818182,0.6,0.387,63
S0317,Mona Nasr,80.77,66.77272727272727,22,0.19230000000000003,0.33227272727272733,0.88,0.386,64
S0443,Abdelrahman Fathy,65.38,54.1,8,0.34620000000000006,0.45899999999999996,0.32,0.386,65
S0290,Mahmoud Darwish,69.23,60.31818181818182,13,0.3077,0.3968181818181818,0.52,0.386,66
S0187,Ziad Soliman,76.92,68.71818181818182,21,0.23079999999999998,0.31281818181818183,0.84,0.385,67
S0047,Hassan ElGhandour,69.23,68.48181818181818,17,0.3077,0.3151818181818182,0.68,0.385,68
S0358,Hana Awad,73.08,76.74545454545455,23,0.2692,0.2325454545454545,0.92,0.385,69
S0012,Ziad Gamal,73.08,66.84545454545454,18,0.2692,0.3315454545454546,0.72,0.384,70
S0216,Mohamed Mahmoud,73.08,60.88181818181818,15,0.2692,0.3911818181818182,0.6,0.384,71
S0428,Ali Sultan,73.08,52.845454545454544,11,0.2692,0.47154545454545455,0.44,0.384,72
S0440,Fady Saad,80.77,65.37272727272727,21,0.19230000000000003,0.34627272727272723,0.84,0.383,73
S0379,Dina Zaki,69.23,70.97272727272728,18,0.3077,0.2902727272727272,0.72,0.383,74
S0067,Malak Abdelaziz,65.38,58.90909090909091,10,0.34620000000000006,0.41090909090909095,0.4,0.383,75
S0172,Rana ElShafei,69.23,66.93636363636364,16,0.3077,0.3306363636363636,0.64,0.383,76
S0115,Farida Halim,61.54,48.88181818181818,3,0.3846,0.5111818181818182,0.12,0.382,77
S0006,Aya ElSayed,57.69,75.0,14,0.42310000000000003,0.25,0.56,0.381,78
S0460,Nada AbdelHamid,76.92,72.17272727272727,22,0.23079999999999998,0.2782727272727273,0.88,0.38,79
S0261,Adel Habib,69.23,71.84545454545454,18,0.3077,0.28154545454545454,0.72,0.38,80
S0015,Fady ElMasry,76.92,66.45454545454545,19,0.23079999999999998,0.33545454545454545,0.76,0.379,81
S0206,Karim Shawky,73.08,64.21818181818182,16,0.2692,0.3578181818181818,0.64,0.379,82
S0069,Hana Darwish,76.92,66.41818181818182,19,0.23079999999999998,0.3358181818181818,0.76,0.379,83
S0356,Hassan Nasr,76.92,72.25454545454545,22,0.23079999999999998,0.2774545454545455,0.88,0.379,84
S0048,Laila Habib,65.38,66.2090909090909,13,0.34620000000000006,0.33790909090909094,0.52,0.378,85
S0337,Sara Zaki,73.08,64.49090909090908,16,0.2692,0.3550909090909091,0.64,0.378,86
S0116,Nada Sultan,73.08,78.51818181818182,23,0.2692,0.21481818181818185,0.92,0.378,87
S0119,Salma Sultan,65.38,84.13636363636364,22,0.34620000000000006,0.1586363636363636,0.88,0.378,88
S0195,Amr Abdelaziz,76.92,69.12727272727273,20,0.23079999999999998,0.30872727272727274,0.8,0.376,89
S0019,Tarek Naguib,73.08,64.81818181818181,16,0.2692,0.35181818181818186,0.64,0.376,90
S0311,Mohamed Farouk,73.08,61.03636363636363,14,0.2692,0.38963636363636367,0.56,0.376,91
S0071,Sara Halim,73.08,74.82727272727273,21,0.2692,0.25172727272727274,0.84,0.376,92
S0277,Menna Ibrahim,76.92,71.00909090909092,21,0.23079999999999998,0.28990909090909084,0.84,0.376,93
S0342,Rowan Shawky,65.38,69.01818181818182,14,0.34620000000000006,0.3098181818181818,0.56,0.374,94
S0090,Rana Mansour,69.23,53.2,8,0.3077,0.46799999999999997,0.32,0.374,95
S0355,Hana Mansour,76.92,63.55454545454545,17,0.23079999999999998,0.36445454545454553,0.68,0.374,96
S0204,Karim Awad,76.92,73.7090909090909,22,0.23079999999999998,0.262909090909091,0.88,0.373,97
S0256,Hossam ElGhandour,73.08,59.654545454545456,13,0.2692,0.40345454545454545,0.52,0.373,98
S0390,Mona ElSayed,73.08,41.92727272727273,4,0.2692,0.5807272727272728,0.16,0.372,99
S0300,Khaled Mahmoud,76.92,78.32727272727273,24,0.23079999999999998,0.2167272727272727,0.96,0.371,100
S0352,Adel Naguib,73.08,76.38181818181819,21,0.2692,0.2361818181818181,0.84,0.37,101
S0173,Dina Gamal,74.07,69.33636363636364,18,0.2593000000000001,0.3066363636363636,0.72,0.37,102
S0275,Rana Naguib,80.77,74.68181818181819,24,0.19230000000000003,0.2531818181818181,0.96,0.37,103
S0122,Ahmed ElShafei,76.92,66.94545454545454,18,0.23079999999999998,0.33054545454545464,0.72,0.369,104
S0492,Youssef Ibrahim,73.08,64.77272727272727,15,0.2692,0.35227272727272735,0.6,0.369,105
S0059,Amr Soliman,73.08,62.72727272727273,14,0.2692,0.37272727272727274,0.56,0.369,106
S0429,Ahmed Mansour,76.92,72.8,21,0.23079999999999998,0.272,0.84,0.369,107
S0338,Seif Shawky,76.92,73.04545454545455,21,0.23079999999999998,0.26954545454545453,0.84,0.368,108
S0459,Nada ElMasry,73.08,76.84545454545454,21,0.2692,0.23154545454545455,0.84,0.368,109
S0241,Esraa Zaki,76.92,79.3,24,0.23079999999999998,0.20700000000000002,0.96,0.367,110
S0314,Yasmin Nasr,80.77,73.58181818181818,23,0.19230000000000003,0.26418181818181824,0.92,0.367,111
S0493,Tarek ElMasry,76.92,73.39090909090909,21,0.23079999999999998,0.2660909090909091,0.84,0.367,112
S0170,Nada ElBaz,76.92,59.3,14,0.23079999999999998,0.40700000000000003,0.56,0.367,113
S0145,Aya Darwish,73.08,67.06363636363636,16,0.2692,0.32936363636363636,0.64,0.367,114
S0260,Salma ElMasry,80.77,63.54545454545455,18,0.19230000000000003,0.3645454545454545,0.72,0.367,115
S0154,Marwan Halim,76.92,79.34545454545454,24,0.23079999999999998,0.20654545454545456,0.96,0.367,116
S0160,Nour Shawky,76.92,65.46363636363637,17,0.23079999999999998,0.3453636363636363,0.68,0.366,117
S0382,Mostafa Ibrahim,76.92,77.89090909090909,23,0.23079999999999998,0.2210909090909091,0.92,0.365,118
S0370,Yasmin Nasr,80.77,72.31818181818181,22,0.19230000000000003,0.27681818181818185,0.88,0.364,119
S0076,Ali Hassan,76.92,66.15454545454546,17,0.23079999999999998,0.33845454545454545,0.68,0.364,120
S0357,Hana ElSayed,76.92,72.00909090909092,20,0.23079999999999998,0.27990909090909083,0.8,0.364,121
S0023,Tarek Gamal,73.08,71.9090909090909,18,0.2692,0.28090909090909094,0.72,0.364,122
S0166,Amr ElSayed,76.92,62.66363636363636,15,0.23079999999999998,0.37336363636363645,0.6,0.362,123
S0360,Karim ElSayed,73.08,52.627272727272725,8,0.2692,0.4737272727272728,0.32,0.361,124
S0483,Salma Nasr,84.62,67.18181818181819,21,0.15379999999999996,0.32818181818181813,0.84,0.361,125
S0465,Rana ElGhandour,80.77,51.10909090909092,11,0.19230000000000003,0.48890909090909085,0.44,0.36,126
S0378,Ziad Saad,76.92,63.36363636363637,15,0.23079999999999998,0.36636363636363634,0.6,0.359,127
S0155,Rana Shawky,84.62,69.64545454545454,22,0.15379999999999996,0.30354545454545456,0.88,0.359,128
S0149,Mostafa Refaat,80.77,71.74545454545454,21,0.19230000000000003,0.28254545454545466,0.84,0.358,129
S0068,Nada Hassan,80.77,75.7,23,0.19230000000000003,0.24299999999999997,0.92,0.358,130
S0435,Salma Farouk,80.77,57.7,14,0.19230000000000003,0.423,0.56,0.358,131
S0436,Sara Mansour,76.92,79.60909090909091,23,0.23079999999999998,0.2039090909090909,0.92,0.358,132
S0079,Ahmed Kamel,76.92,77.60000000000001,22,0.23079999999999998,0.22399999999999992,0.88,0.358,133
S0058,Sara Darwish,80.77,73.87272727272727,22,0.19230000000000003,0.26127272727272727,0.88,0.357,134
S0190,Rana Ibrahim,80.77,73.96363636363637,22,0.19230000000000003,0.2603636363636363,0.88,0.357,135
S0185,Mahmoud Mansour,76.92,77.72727272727273,22,0.23079999999999998,0.22272727272727266,0.88,0.357,136
S0333,Mostafa Soliman,84.62,64.07272727272726,19,0.15379999999999996,0.35927272727272735,0.76,0.357,137
S0409,Aya Ibrahim,81.48,73.17272727272727,22,0.18519999999999995,0.2682727272727273,0.88,0.357,138
S0304,Youssef Habib,80.77,77.87272727272727,24,0.19230000000000003,0.22127272727272726,0.96,0.357,139
S0228,Mohamed Shawky,76.92,76.17272727272727,21,0.23079999999999998,0.23827272727272727,0.84,0.356,140
S0064,Salma ElGhandour,76.92,72.04545454545455,19,0.23079999999999998,0.27954545454545454,0.76,0.356,141
S0120,Aya ElSayed,80.77,54.42727272727273,12,0.19230000000000003,0.4557272727272727,0.48,0.355,142
S0393,Hana Refaat,76.92,72.38181818181819,19,0.23079999999999998,0.2761818181818181,0.76,0.355,143
S0470,Hassan ElSayed,76.92,66.33636363636364,16,0.23079999999999998,0.33663636363636357,0.64,0.355,144
S0066,Fady Soliman,84.62,74.52727272727272,24,0.15379999999999996,0.25472727272727286,0.96,0.355,145
S0347,Marwan Ramadan,73.08,68.45454545454545,15,0.2692,0.3154545454545455,0.6,0.354,146
S0487,Khaled AbdelHamid,65.38,60.04545454545455,7,0.34620000000000006,0.39954545454545454,0.28,0.354,147
S0112,Salma Naguib,80.77,78.73636363636363,24,0.19230000000000003,0.21263636363636365,0.96,0.354,148
S0380,Farida ElMasry,84.62,67.21818181818182,20,0.15379999999999996,0.3278181818181818,0.8,0.353,149
S0336,Laila Shawky,84.62,73.04545454545455,23,0.15379999999999996,0.26954545454545453,0.92,0.353,150
S0065,Mostafa Gamal,88.46,69.39090909090909,23,0.11540000000000006,0.3060909090909091,0.92,0.353,151
S0005,Habiba Mahmoud,76.92,70.76363636363637,18,0.23079999999999998,0.2923636363636363,0.72,0.353,152
S0262,Dina Zaki,76.92,69.01818181818182,17,0.23079999999999998,0.3098181818181818,0.68,0.352,153
S0222,Fady Ibrahim,80.77,57.13636363636363,13,0.19230000000000003,0.42863636363636365,0.52,0.352,154
S0386,Yasmin Ramadan,84.62,71.32727272727273,22,0.15379999999999996,0.2867272727272727,0.88,0.352,155
S0456,Karim ElMasry,80.77,71.30909090909091,20,0.19230000000000003,0.2869090909090909,0.8,0.352,156
S0141,Karim Nasr,80.77,67.23636363636363,18,0.19230000000000003,0.32763636363636367,0.72,0.352,157
S0369,Seif Zaki,80.77,73.34545454545454,21,0.19230000000000003,0.2665454545454546,0.84,0.352,158
S0350,Tarek Soliman,84.62,71.60000000000001,22,0.15379999999999996,0.2839999999999999,0.88,0.351,159
S0037,Mona Gamal,69.23,80.98181818181818,19,0.3077,0.19018181818181815,0.76,0.351,160
S0295,Omar ElMasry,76.92,75.54545454545455,20,0.23079999999999998,0.24454545454545454,0.8,0.35,161
S0394,Hossam Ibrahim,69.23,57.154545454545456,7,0.3077,0.4284545454545454,0.28,0.35,162
S0202,Ali Mahmoud,76.92,83.68181818181819,24,0.23079999999999998,0.16318181818181812,0.96,0.35,163
S0491,Habiba Shawky,76.92,61.68181818181818,13,0.23079999999999998,0.3831818181818182,0.52,0.35,164
S0056,Hassan Ibrahim,76.92,83.46363636363637,24,0.23079999999999998,0.16536363636363632,0.96,0.35,165
S0105,Aya Mahmoud,80.77,71.62727272727273,20,0.19230000000000003,0.2837272727272728,0.8,0.35,166
S0089,Mona Kamel,80.77,63.91818181818182,16,0.19230000000000003,0.36081818181818176,0.64,0.349,167
S0321,Youssef Ibrahim,84.62,68.18181818181819,20,0.15379999999999996,0.3181818181818181,0.8,0.349,168
S0418,Mahmoud Ramadan,80.77,62.21818181818182,15,0.19230000000000003,0.37781818181818183,0.6,0.348,169
S0134,Farida Darwish,80.77,70.32727272727273,19,0.19230000000000003,0.29672727272727273,0.76,0.348,170
S0330,Malak Saad,76.92,64.10000000000001,14,0.23079999999999998,0.35899999999999993,0.56,0.348,171
S0205,Adel Soliman,80.77,72.16363636363636,20,0.19230000000000003,0.2783636363636364,0.8,0.348,172
S0272,Jana Naguib,88.46,70.48181818181818,23,0.11540000000000006,0.29518181818181816,0.92,0.348,173
S0052,Youssef Mahmoud,80.77,76.2909090909091,22,0.19230000000000003,0.23709090909090905,0.88,0.348,174
S0150,Salma Soliman,80.77,74.55454545454546,21,0.19230000000000003,0.2544545454545454,0.84,0.347,175
S0499,Mostafa Nasr,80.77,66.57272727272726,17,0.19230000000000003,0.3342727272727274,0.68,0.347,176
S0060,Sara Awad,84.62,76.58181818181818,24,0.15379999999999996,0.2341818181818182,0.96,0.347,177
S0099,Ali Ramadan,84.62,72.9,22,0.15379999999999996,0.27099999999999996,0.88,0.346,178
S0407,Omar Habib,84.62,74.87272727272727,23,0.15379999999999996,0.25127272727272726,0.92,0.346,179
S0038,Seif Halim,73.08,52.5,6,0.2692,0.475,0.24,0.346,180
S0327,Hana Naguib,88.46,71.00909090909092,23,0.11540000000000006,0.28990909090909084,0.92,0.346,181
S0176,Mahmoud Mansour,84.62,74.8,23,0.15379999999999996,0.252,0.92,0.346,182
S0457,Mostafa Hassan,76.92,74.53636363636363,19,0.23079999999999998,0.25463636363636366,0.76,0.346,183
S0036,Sherif Nasr,76.92,52.790909090909096,8,0.23079999999999998,0.47209090909090906,0.32,0.345,184
S0381,Mariam ElMasry,73.08,62.78181818181818,11,0.2692,0.37218181818181817,0.44,0.345,185
S0341,Farida Ramadan,76.92,74.7909090909091,19,0.23079999999999998,0.25209090909090903,0.76,0.345,186
S0010,Abdelrahman ElBaz,80.77,66.90833333333333,17,0.19230000000000003,0.3309166666666667,0.68,0.345,187
S0389,Mona Awad,80.77,78.93636363636364,23,0.19230000000000003,0.21063636363636362,0.92,0.345,188
S0455,Hana ElMasry,76.92,74.89090909090909,19,0.23079999999999998,0.2510909090909091,0.76,0.345,189
S0159,Menna Hassan,88.46,71.61818181818181,23,0.11540000000000006,0.2838181818181819,0.92,0.344,190
S0387,Farida Gamal,80.77,67.10909090909091,17,0.19230000000000003,0.32890909090909093,0.68,0.344,191
S0221,Marwan Farouk,80.77,81.12727272727273,24,0.19230000000000003,0.18872727272727274,0.96,0.344,192
S0498,Jana Halim,84.62,65.60000000000001,18,0.15379999999999996,0.3439999999999999,0.72,0.343,193
S0406,Ziad Refaat,80.77,79.48181818181818,23,0.19230000000000003,0.20518181818181816,0.92,0.343,194
S0484,Salma Nasr,88.46,55.75454545454546,15,0.11540000000000006,0.44245454545454543,0.6,0.343,195
S0334,Marwan ElShafei,76.92,59.3909090909091,11,0.23079999999999998,0.406090909090909,0.44,0.343,196
S0291,Omar ElShafei,80.77,77.4090909090909,22,0.19230000000000003,0.22590909090909095,0.88,0.343,197
S0188,Sara Gamal,76.92,73.66363636363636,18,0.23079999999999998,0.2633636363636364,0.72,0.342,198
S0422,Mona Halim,80.77,63.74545454545455,15,0.19230000000000003,0.3625454545454545,0.6,0.342,199
S0163,Karim Kamel,88.46,68.26363636363637,21,0.11540000000000006,0.31736363636363635,0.84,0.341,200
S0442,Mariam Shawky,76.92,67.75454545454545,15,0.23079999999999998,0.3224545454545455,0.6,0.341,201
S0413,Jana Gamal,84.62,66.10909090909091,18,0.15379999999999996,0.3389090909090909,0.72,0.341,202
S0075,Hana Mahmoud,84.62,70.07272727272726,20,0.15379999999999996,0.29927272727272736,0.8,0.341,203
S0345,Khaled ElGhandour,84.62,78.39999999999999,24,0.15379999999999996,0.21600000000000008,0.96,0.34,204
S0046,Abdelrahman Abdelaziz,80.77,60.43636363636363,13,0.19230000000000003,0.3956363636363637,0.52,0.339,205
S0017,Tarek ElMasry,80.77,66.55454545454546,16,0.19230000000000003,0.3344545454545454,0.64,0.339,206
S0117,Nour Ramadan,84.62,64.54545454545455,17,0.15379999999999996,0.35454545454545455,0.68,0.339,207
S0449,Khaled Abdelaziz,84.62,74.72727272727273,22,0.15379999999999996,0.2527272727272727,0.88,0.339,208
S0273,Mona ElGhandour,80.77,58.8,12,0.19230000000000003,0.41200000000000003,0.48,0.338,209
S0233,Ali Ramadan,80.77,70.91818181818182,18,0.19230000000000003,0.2908181818181818,0.72,0.337,210
S0480,Mariam Fathy,80.77,68.94545454545455,17,0.19230000000000003,0.31054545454545446,0.68,0.337,211
S0097,Ziad Ibrahim,88.46,67.22727272727273,20,0.11540000000000006,0.32772727272727264,0.8,0.337,212
S0026,Mohamed ElShafei,76.92,72.92727272727274,17,0.23079999999999998,0.27072727272727265,0.68,0.337,213
S0479,Rana Nasr,88.46,73.24545454545455,23,0.11540000000000006,0.26754545454545453,0.92,0.337,214
S0003,Menna Naguib,88.46,71.42999999999999,22,0.11540000000000006,0.28570000000000007,0.88,0.336,215
S0126,Sara Darwish,76.92,73.10909090909091,17,0.23079999999999998,0.26890909090909093,0.68,0.336,216
S0332,Abdelrahman Mansour,84.62,73.39999999999999,21,0.15379999999999996,0.26600000000000007,0.84,0.336,217
S0249,Jana Mahmoud,76.92,79.17272727272727,20,0.23079999999999998,0.20827272727272728,0.8,0.336,218
S0143,Yasmin Gamal,84.62,77.46363636363637,23,0.15379999999999996,0.22536363636363632,0.92,0.336,219
S0148,Seif Soliman,84.62,61.28181818181818,15,0.15379999999999996,0.3871818181818182,0.6,0.336,220
S0198,Esraa ElMasry,80.77,65.32727272727273,15,0.19230000000000003,0.3467272727272727,0.6,0.336,221
S0276,Esraa Refaat,80.77,75.15454545454546,20,0.19230000000000003,0.24845454545454543,0.8,0.336,222
S0288,Tarek Hassan,73.08,61.07272727272727,9,0.2692,0.38927272727272727,0.36,0.335,223
S0361,Ahmed Gamal,88.46,69.68181818181819,21,0.11540000000000006,0.3031818181818181,0.84,0.335,224
S0129,Tarek Ramadan,84.62,74.24545454545455,21,0.15379999999999996,0.2575454545454545,0.84,0.333,225
S0043,Marwan ElShafei,80.77,82.07272727272726,23,0.19230000000000003,0.17927272727272736,0.92,0.333,226
S0177,Khaled Mansour,84.62,80.2090909090909,24,0.15379999999999996,0.19790909090909095,0.96,0.333,227
S0193,Seif Fathy,80.77,79.99090909090908,22,0.19230000000000003,0.20009090909090915,0.88,0.333,228
S0500,Adel AbdelHamid,76.92,76.15454545454546,18,0.23079999999999998,0.23845454545454545,0.72,0.332,229
S0208,Khaled Soliman,80.77,74.50909090909092,19,0.19230000000000003,0.25490909090909086,0.76,0.331,230
S0027,Youssef Ramadan,84.62,74.72727272727273,21,0.15379999999999996,0.2527272727272727,0.84,0.331,231
S0376,Sara ElSayed,80.77,76.4090909090909,20,0.19230000000000003,0.23590909090909093,0.8,0.331,232
S0212,Karim ElGhandour,84.62,78.83636363636363,23,0.15379999999999996,0.2116363636363637,0.92,0.33,233
S0402,Marwan ElShafei,80.77,80.73636363636363,22,0.19230000000000003,0.19263636363636366,0.88,0.33,234
S0280,Youssef Nasr,80.77,78.63636363636364,21,0.19230000000000003,0.2136363636363636,0.84,0.33,235
S0320,Dina Zaki,92.31,71.43636363636364,23,0.07689999999999998,0.28563636363636363,0.92,0.329,236
S0340,Nour Darwish,80.77,62.972727272727276,13,0.19230000000000003,0.37027272727272725,0.52,0.329,237
S0310,Abdelrahman Gamal,84.62,71.22727272727273,19,0.15379999999999996,0.28772727272727266,0.76,0.329,238
S0118,Ziad Kamel,88.46,71.2,21,0.11540000000000006,0.288,0.84,0.329,239
S0243,Laila ElMasry,80.77,69.02727272727272,16,0.19230000000000003,0.30972727272727285,0.64,0.329,240
S0281,Nada AbdelHamid,76.92,70.78181818181818,15,0.23079999999999998,0.2921818181818182,0.6,0.329,241
S0001,Hana Gamal,84.62,69.08181818181818,18,0.15379999999999996,0.3091818181818182,0.72,0.329,242
S0230,Dina Zaki,84.62,75.35454545454546,21,0.15379999999999996,0.2464545454545454,0.84,0.328,243
S0395,Hossam Awad,80.77,77.2090909090909,20,0.19230000000000003,0.22790909090909095,0.8,0.328,244
S0474,Adel Mansour,88.46,65.47272727272728,18,0.11540000000000006,0.3452727272727272,0.72,0.328,245
S0420,Yasmin Hassan,88.46,69.44545454545454,20,0.11540000000000006,0.3055454545454546,0.8,0.328,246
S0009,Mahmoud Awad,76.92,73.04545454545455,16,0.23079999999999998,0.26954545454545453,0.64,0.328,247
S0405,Rana ElSayed,84.62,67.32727272727273,17,0.15379999999999996,0.3267272727272727,0.68,0.328,248
S0326,Mostafa Saad,92.31,71.75454545454545,23,0.07689999999999998,0.2824545454545455,0.92,0.328,249
S0032,Hana Awad,84.62,69.32727272727273,18,0.15379999999999996,0.30672727272727274,0.72,0.328,250
S0213,Nada Nasr,84.62,73.27272727272727,20,0.15379999999999996,0.26727272727272733,0.8,0.328,251
S0292,Salma Ramadan,84.62,69.58181818181818,18,0.15379999999999996,0.3041818181818182,0.72,0.327,252
S0039,Youssef ElShafei,80.77,65.55454545454546,14,0.19230000000000003,0.3444545454545454,0.56,0.327,253
S0313,Sara Farouk,84.62,77.97272727272728,22,0.15379999999999996,0.22027272727272718,0.88,0.326,254
S0282,Rowan ElBaz,84.62,65.92727272727274,16,0.15379999999999996,0.34072727272727266,0.64,0.326,255
S0316,Salma ElMasry,84.62,71.94545454545454,19,0.15379999999999996,0.2805454545454546,0.76,0.326,256
S0184,Menna ElBaz,84.62,73.85454545454546,20,0.15379999999999996,0.2614545454545454,0.8,0.326,257
S0224,Rowan Sultan,84.62,61.9,14,0.15379999999999996,0.381,0.56,0.326,258
S0200,Mohamed Ibrahim,88.46,71.92727272727274,21,0.11540000000000006,0.28072727272727266,0.84,0.326,259
S0138,Salma ElShafei,80.77,81.63636363636364,22,0.19230000000000003,0.1836363636363636,0.88,0.326,260
S0305,Tarek Shawky,84.62,69.86363636363636,18,0.15379999999999996,0.3013636363636364,0.72,0.326,261
S0430,Khaled ElSayed,84.62,55.99090909090909,11,0.15379999999999996,0.4400909090909091,0.44,0.326,262
S0220,Malak Abdelaziz,92.31,60.445454545454545,17,0.07689999999999998,0.39554545454545453,0.68,0.325,263
S0374,Sherif ElShafei,84.62,70.21818181818183,18,0.15379999999999996,0.29781818181818165,0.72,0.325,264
S0123,Amr Ibrahim,84.62,80.06363636363636,23,0.15379999999999996,0.19936363636363638,0.92,0.325,265
S0294,Sherif Darwish,92.31,70.39090909090909,22,0.07689999999999998,0.29609090909090907,0.88,0.325,266
S0363,Youssef Halim,84.62,80.19090909090909,23,0.15379999999999996,0.19809090909090912,0.92,0.325,267
S0062,Menna ElGhandour,81.48,63.5,13,0.18519999999999995,0.365,0.52,0.324,268
S0239,Habiba Mahmoud,84.62,74.4090909090909,20,0.15379999999999996,0.2559090909090909,0.8,0.324,269
S0419,Omar Halim,84.62,78.36363636363636,22,0.15379999999999996,0.2163636363636364,0.88,0.324,270
S0478,Nada Abdelaziz,84.62,56.54545454545455,11,0.15379999999999996,0.4345454545454545,0.44,0.323,271
S0085,Salma ElMasry,88.46,74.84545454545456,22,0.11540000000000006,0.2515454545454544,0.88,0.323,272
S0180,Omar Saad,88.46,71.0909090909091,20,0.11540000000000006,0.28909090909090907,0.8,0.322,273
S0041,Amr Mahmoud,88.46,67.13636363636364,18,0.11540000000000006,0.3286363636363636,0.72,0.322,274
S0146,Seif Saad,88.46,66.97272727272728,18,0.11540000000000006,0.33027272727272716,0.72,0.322,275
S0416,Seif Farouk,73.08,58.32727272727273,6,0.2692,0.4167272727272727,0.24,0.322,276
S0232,Jana Zaki,88.46,77.34545454545454,23,0.11540000000000006,0.22654545454545455,0.92,0.321,277
S0297,Farida Nasr,88.46,67.30909090909091,18,0.11540000000000006,0.32690909090909087,0.72,0.321,278
S0354,Habiba Ibrahim,84.62,73.22727272727273,19,0.15379999999999996,0.26772727272727265,0.76,0.321,279
S0051,Hana Fathy,96.15,63.82727272727273,20,0.038499999999999944,0.36172727272727273,0.8,0.32,280
S0244,Mona Soliman,92.31,69.60909090909091,21,0.07689999999999998,0.3039090909090909,0.84,0.32,281
S0473,Laila Farouk,80.77,79.12727272727273,20,0.19230000000000003,0.20872727272727276,0.8,0.32,282
S0086,Yasmin Naguib,80.77,65.35454545454546,13,0.19230000000000003,0.3464545454545454,0.52,0.32,283
S0033,Laila Saad,88.46,71.61818181818181,20,0.11540000000000006,0.2838181818181819,0.8,0.32,284
S0030,Hossam Abdelaziz,88.46,69.84545454545454,19,0.11540000000000006,0.30154545454545456,0.76,0.319,285
S0235,Abdelrahman Kamel,88.46,67.83636363636364,18,0.11540000000000006,0.32163636363636355,0.72,0.319,286
S0054,Nada Naguib,84.62,69.61818181818181,17,0.15379999999999996,0.3038181818181819,0.68,0.319,287
S0209,Marwan Naguib,80.77,77.61818181818181,19,0.19230000000000003,0.2238181818181819,0.76,0.318,288
S0020,Mostafa ElGhandour,84.62,73.76363636363637,19,0.15379999999999996,0.26236363636363635,0.76,0.318,289
S0125,Abdelrahman Mansour,88.46,78.10000000000001,23,0.11540000000000006,0.21899999999999992,0.92,0.318,290
S0237,Farida Awad,88.46,74.0,21,0.11540000000000006,0.26,0.84,0.318,291
S0055,Ali Naguib,88.46,68.34545454545454,18,0.11540000000000006,0.3165454545454546,0.72,0.317,292
S0477,Aya Naguib,96.15,66.56363636363636,21,0.038499999999999944,0.33436363636363636,0.84,0.317,293
S0167,Mariam Farouk,88.46,64.24545454545455,16,0.11540000000000006,0.3575454545454545,0.64,0.317,294
S0174,Rowan Habib,84.62,66.25454545454545,15,0.15379999999999996,0.3374545454545455,0.6,0.317,295
S0312,Dina Mansour,84.62,72.11818181818181,18,0.15379999999999996,0.2788181818181819,0.72,0.317,296
S0031,   ,92.31,66.76363636363637,19,0.07689999999999998,0.33236363636363636,0.76,0.316,297
S0319,Malak ElMasry,84.62,70.48181818181818,17,0.15379999999999996,0.29518181818181816,0.68,0.316,298
S0463,Hossam ElMasry,84.62,68.30909090909091,16,0.15379999999999996,0.31690909090909086,0.64,0.316,299
S0029,Abdelrahman ElShafei,92.31,76.67272727272727,24,0.07689999999999998,0.23327272727272727,0.96,0.316,300
S0110,Mona Shawky,76.92,64.18181818181819,10,0.23079999999999998,0.35818181818181816,0.4,0.316,301
S0371,Rowan Mahmoud,84.62,66.39999999999999,15,0.15379999999999996,0.3360000000000001,0.6,0.316,302
S0050,Karim Sultan,80.77,70.23636363636363,15,0.19230000000000003,0.29763636363636364,0.6,0.316,303
S0028,Mariam Gamal,88.46,78.83636363636364,23,0.11540000000000006,0.21163636363636357,0.92,0.315,304
S0168,Menna Gamal,76.92,52.21818181818182,4,0.23079999999999998,0.4778181818181818,0.16,0.315,305
S0245,Hana Mahmoud,88.46,80.78181818181818,24,0.11540000000000006,0.19218181818181818,0.96,0.315,306
S0466,Farida Darwish,88.46,70.73636363636363,19,0.11540000000000006,0.29263636363636364,0.76,0.315,307
S0434,Tarek Halim,92.31,73.18181818181819,22,0.07689999999999998,0.26818181818181813,0.88,0.314,308
S0021,Abdelrahman Mahmoud,88.46,79.04545454545455,23,0.11540000000000006,0.20954545454545453,0.92,0.314,309
S0078,Mona Farouk,84.62,62.98181818181818,13,0.15379999999999996,0.3701818181818182,0.52,0.314,310
S0248,Khaled Mansour,88.89,70.68181818181819,19,0.11109999999999999,0.29318181818181815,0.76,0.314,311
S0045,Farida ElMasry,88.46,65.08181818181818,16,0.11540000000000006,0.3491818181818182,0.64,0.314,312
S0495,Aya Gamal,88.46,59.054545454545455,13,0.11540000000000006,0.40945454545454546,0.52,0.314,313
S0137,Mohamed Mahmoud,88.89,66.87272727272727,17,0.11109999999999999,0.3312727272727273,0.68,0.313,314
S0397,Mostafa Sultan,88.46,71.23636363636363,19,0.11540000000000006,0.28763636363636363,0.76,0.313,315
S0425,Laila Farouk,76.92,54.85454545454545,5,0.23079999999999998,0.4514545454545455,0.2,0.313,316
S0476,Mostafa ElShafei,88.46,67.55454545454546,17,0.11540000000000006,0.3244545454545454,0.68,0.312,317
S0070,Sara Shawky,84.62,67.26363636363637,15,0.15379999999999996,0.32736363636363636,0.6,0.312,318
S0385,Youssef Saad,80.77,59.14545454545455,9,0.19230000000000003,0.40854545454545454,0.36,0.312,319
S0113,Sara Farouk,84.62,67.45454545454545,15,0.15379999999999996,0.32545454545454544,0.6,0.312,320
S0335,Mona Saad,96.15,74.19090909090909,24,0.038499999999999944,0.25809090909090915,0.96,0.311,321
S0096,Mona Gamal,96.15,74.02727272727272,24,0.038499999999999944,0.2597272727272728,0.96,0.311,322
S0025,Jana ElMasry,88.46,81.89090909090909,24,0.11540000000000006,0.18109090909090908,0.96,0.311,323
S0004,Aya ElShafei,88.46,81.69,24,0.11540000000000006,0.1831,0.96,0.311,324
S0211,Abdelrahman Zaki,88.46,79.80909090909091,23,0.11540000000000006,0.20190909090909087,0.92,0.311,325
S0207,Ali Halim,88.46,60.00909090909091,13,0.11540000000000006,0.39990909090909094,0.52,0.31,326
S0183,Esraa Hassan,80.77,87.78181818181818,23,0.19230000000000003,0.12218181818181818,0.92,0.31,327
S0432,Fady Darwish,92.31,60.07272727272727,15,0.07689999999999998,0.3992727272727273,0.6,0.31,328
S0278,Mahmoud Shawky,88.46,72.10909090909091,19,0.11540000000000006,0.2789090909090909,0.76,0.31,329
S0388,Nada Naguib,84.62,74.06363636363636,18,0.15379999999999996,0.25936363636363635,0.72,0.309,330
S0423,Khaled Zaki,88.46,68.33636363636364,17,0.11540000000000006,0.31663636363636355,0.68,0.309,331
S0306,Khaled Gamal,92.31,76.73636363636363,23,0.07689999999999998,0.23263636363636364,0.92,0.308,332
S0441,Amr AbdelHamid,76.92,66.06363636363636,10,0.23079999999999998,0.33936363636363637,0.4,0.308,333
S0482,Ziad Gamal,92.31,64.72727272727273,17,0.07689999999999998,0.35272727272727267,0.68,0.308,334
S0497,Ahmed Fathy,84.62,74.39090909090909,18,0.15379999999999996,0.2560909090909091,0.72,0.308,335
S0218,Ali ElSayed,88.46,70.5909090909091,18,0.11540000000000006,0.29409090909090907,0.72,0.308,336
S0080,Jana ElMasry,76.92,63.98181818181818,9,0.23079999999999998,0.3601818181818182,0.36,0.308,337
S0362,Hana Mansour,92.31,70.8,20,0.07689999999999998,0.29200000000000004,0.8,0.308,338
S0383,Omar Abdelaziz,88.46,74.51818181818182,20,0.11540000000000006,0.25481818181818183,0.8,0.308,339
S0426,Nada ElSayed,84.62,62.26363636363636,12,0.15379999999999996,0.3773636363636364,0.48,0.308,340
S0257,Malak Zaki,92.31,79.05454545454546,24,0.07689999999999998,0.2094545454545454,0.96,0.307,341
S0164,Mohamed Ibrahim,84.62,72.7090909090909,17,0.15379999999999996,0.272909090909091,0.68,0.307,342
S0219,Nada Farouk,92.31,71.02727272727272,20,0.07689999999999998,0.28972727272727283,0.8,0.307,343
S0471,Ahmed Farouk,84.62,64.65454545454546,13,0.15379999999999996,0.35345454545454547,0.52,0.307,344
S0283,Khaled Sultan,88.46,76.9090909090909,21,0.11540000000000006,0.23090909090909092,0.84,0.307,345
S0448,Sara Naguib,84.62,84.91818181818182,23,0.15379999999999996,0.1508181818181818,0.92,0.306,346
S0410,Seif Soliman,96.15,67.35454545454546,20,0.038499999999999944,0.3264545454545454,0.8,0.306,347
S0254,Mahmoud Soliman,88.46,72.93636363636364,19,0.11540000000000006,0.2706363636363636,0.76,0.306,348
S0373,Farida Sultan,88.46,83.04545454545455,24,0.11540000000000006,0.16954545454545453,0.96,0.306,349
S0132,Marwan Halim,80.77,74.7909090909091,16,0.19230000000000003,0.25209090909090903,0.64,0.306,350
S0467,Farida Abdelaziz,92.31,79.51818181818182,24,0.07689999999999998,0.20481818181818184,0.96,0.305,351
S0094,Nada Saad,96.3,57.345454545454544,15,0.037000000000000026,0.42654545454545456,0.6,0.305,352
S0298,Mostafa Fathy,88.46,77.55454545454546,21,0.11540000000000006,0.22445454545454538,0.84,0.304,353
S0296,Yasmin Halim,88.46,79.64545454545454,22,0.11540000000000006,0.20354545454545458,0.88,0.304,354
S0452,Abdelrahman Ramadan,84.62,79.26363636363637,20,0.15379999999999996,0.20736363636363633,0.8,0.304,355
S0285,Habiba Mansour,88.46,75.48181818181818,20,0.11540000000000006,0.24518181818181817,0.8,0.304,356
S0267,Fady Zaki,84.62,71.3,16,0.15379999999999996,0.28700000000000003,0.64,0.304,357
S0215,Ali ElShafei,88.46,73.47272727272728,19,0.11540000000000006,0.26527272727272716,0.76,0.304,358
S0246,Habiba Gamal,92.31,77.67272727272727,23,0.07689999999999998,0.2232727272727273,0.92,0.304,359
S0189,Mariam Nasr,88.46,69.60000000000001,17,0.11540000000000006,0.30399999999999994,0.68,0.304,360
S0018,Malak Abdelaziz,88.46,77.88181818181819,21,0.11540000000000006,0.2211818181818181,0.84,0.303,361
S0329,Hana Awad,88.46,67.67272727272727,16,0.11540000000000006,0.32327272727272727,0.64,0.303,362
S0274,Rana Ramadan,92.31,71.94545454545454,20,0.07689999999999998,0.2805454545454546,0.8,0.303,363
S0162,Omar Ramadan,92.31,75.93636363636364,22,0.07689999999999998,0.24063636363636362,0.88,0.303,364
S0186,Ziad Saad,88.46,79.89090909090909,22,0.11540000000000006,0.2010909090909091,0.88,0.303,365
S0293,Mona Naguib,92.31,70.07272727272726,19,0.07689999999999998,0.29927272727272736,0.76,0.302,366
S0450,Mahmoud ElShafei,88.46,64.11818181818181,14,0.11540000000000006,0.3588181818181819,0.56,0.302,367
S0063,Hossam AbdelHamid,88.46,69.92727272727274,17,0.11540000000000006,0.3007272727272726,0.68,0.302,368
S0197,Hassan Sultan,92.31,72.11818181818181,20,0.07689999999999998,0.2788181818181819,0.8,0.302,369
S0101,Mostafa Kamel,88.46,76.01818181818182,20,0.11540000000000006,0.23981818181818185,0.8,0.302,370
S0489,Rana Nasr,88.46,78.4090909090909,21,0.11540000000000006,0.21590909090909094,0.84,0.301,371
S0225,Adel Zaki,88.46,58.627272727272725,11,0.11540000000000006,0.4137272727272727,0.44,0.3,372
S0007,Omar Darwish,88.46,72.55454545454546,18,0.11540000000000006,0.2744545454545454,0.72,0.3,373
S0133,Ali Gamal,92.31,66.73636363636363,17,0.07689999999999998,0.3326363636363637,0.68,0.3,374
S0252,Ziad Habib,92.31,74.5909090909091,21,0.07689999999999998,0.2540909090909091,0.84,0.3,375
S0103,Mariam Abdelaziz,84.62,76.68181818181819,18,0.15379999999999996,0.23318181818181813,0.72,0.299,376
S0131,Habiba ElBaz,84.62,54.78181818181818,7,0.15379999999999996,0.4521818181818182,0.28,0.298,377
S0396,Hana Mansour,88.46,74.98181818181818,19,0.11540000000000006,0.25018181818181817,0.76,0.298,378
S0401,Sara Ibrahim,84.62,70.94545454545454,15,0.15379999999999996,0.2905454545454546,0.6,0.298,379
S0307,Farida Darwish,96.15,73.71818181818182,22,0.038499999999999944,0.26281818181818184,0.88,0.297,380
S0438,Hassan Mansour,96.15,69.63636363636364,20,0.038499999999999944,0.3036363636363636,0.8,0.297,381
S0259,Seif Abdelaziz,92.31,67.4090909090909,17,0.07689999999999998,0.3259090909090909,0.68,0.297,382
S0169,Tarek Mahmoud,96.15,65.69090909090909,18,0.038499999999999944,0.3430909090909091,0.72,0.297,383
S0044,Yasmin Ramadan,88.46,75.36363636363636,19,0.11540000000000006,0.2463636363636364,0.76,0.297,384
S0124,Dina Farouk,92.31,73.61818181818181,20,0.07689999999999998,0.2638181818181819,0.8,0.296,385
S0411,Ziad Mansour,92.31,81.79090909090908,24,0.07689999999999998,0.1820909090909092,0.96,0.296,386
S0364,Malak ElBaz,92.31,73.64545454545454,20,0.07689999999999998,0.2635454545454546,0.8,0.296,387
S0061,Karim AbdelHamid,88.46,71.84545454545454,17,0.11540000000000006,0.28154545454545454,0.68,0.295,388
S0268,Mostafa Ibrahim,88.46,73.80909090909091,18,0.11540000000000006,0.26190909090909087,0.72,0.295,389
S0488,Yasmin ElShafei,96.15,76.15454545454546,23,0.038499999999999944,0.23845454545454545,0.92,0.295,390
S0403,Adel AbdelHamid,88.46,78.03636363636363,20,0.11540000000000006,0.21963636363636369,0.8,0.294,391
S0214,Salma ElBaz,96.15,78.27272727272727,24,0.038499999999999944,0.21727272727272734,0.96,0.294,392
S0223,Hassan Kamel,88.46,73.91818181818182,18,0.11540000000000006,0.2608181818181818,0.72,0.294,393
S0270,Habiba Soliman,88.46,79.93636363636364,21,0.11540000000000006,0.2006363636363636,0.84,0.294,394
S0348,Adel Ibrahim,88.46,81.93636363636364,22,0.11540000000000006,0.18063636363636362,0.88,0.294,395
S0108,Menna Soliman,84.62,77.97272727272728,18,0.15379999999999996,0.22027272727272718,0.72,0.294,396
S0084,Mariam Habib,92.31,76.23636363636363,21,0.07689999999999998,0.23763636363636365,0.84,0.294,397
S0175,Hossam Darwish,96.15,78.58181818181818,24,0.038499999999999944,0.21418181818181822,0.96,0.293,398
S0392,Sara Naguib,96.15,68.86363636363636,19,0.038499999999999944,0.3113636363636364,0.76,0.292,399
S0152,Hassan Nasr,84.62,66.30909090909091,12,0.15379999999999996,0.3369090909090909,0.48,0.292,400
S0309,Abdelrahman Ibrahim,96.15,77.21818181818182,23,0.038499999999999944,0.2278181818181818,0.92,0.291,401
S0194,Fady Hassan,96.15,69.0,19,0.038499999999999944,0.31,0.76,0.291,402
S0391,Ali Awad,88.46,74.68181818181819,18,0.11540000000000006,0.2531818181818181,0.72,0.291,403
S0490,Nada Habib,84.62,50.60909090909092,4,0.15379999999999996,0.49390909090909085,0.16,0.291,404
S0171,Mona Nasr,88.46,64.78181818181818,13,0.11540000000000006,0.3521818181818182,0.52,0.291,405
S0417,Nada Refaat,92.31,80.82727272727273,23,0.07689999999999998,0.19172727272727272,0.92,0.291,406
S0346,Ziad Gamal,96.15,75.45454545454545,22,0.038499999999999944,0.24545454545454548,0.88,0.29,407
S0072,Ahmed Mansour,96.15,79.39999999999999,24,0.038499999999999944,0.20600000000000007,0.96,0.29,408
S0161,Ziad AbdelHamid,88.46,80.98181818181818,21,0.11540000000000006,0.19018181818181815,0.84,0.29,409
S0114,Mohamed Mahmoud,88.46,83.15454545454546,22,0.11540000000000006,0.16845454545454544,0.88,0.29,410
S0303,Amr Kamel,88.46,75.39999999999999,18,0.11540000000000006,0.24600000000000008,0.72,0.289,411
S0111,Sherif ElGhandour,100.0,73.72727272727273,23,0.0,0.26272727272727264,0.92,0.289,412
S0008,Mona Gamal,92.31,83.55,24,0.07689999999999998,0.16450000000000004,0.96,0.289,413
S0049,Seif Mansour,88.46,63.22727272727273,12,0.11540000000000006,0.36772727272727274,0.48,0.289,414
S0496,Farida Sultan,84.62,73.2909090909091,15,0.15379999999999996,0.26709090909090905,0.6,0.288,415
S0087,Ali ElBaz,92.31,83.77272727272727,24,0.07689999999999998,0.16227272727272735,0.96,0.288,416
S0107,Jana Refaat,96.15,67.85454545454546,18,0.038499999999999944,0.32145454545454544,0.72,0.288,417
S0057,Sherif Halim,92.31,83.60000000000001,24,0.07689999999999998,0.16399999999999992,0.96,0.288,418
S0011,Menna Saad,92.31,71.84545454545454,18,0.07689999999999998,0.28154545454545454,0.72,0.287,419
S0203,Mona Darwish,88.46,67.74545454545455,14,0.11540000000000006,0.3225454545454545,0.56,0.287,420
S0343,Salma Mansour,92.31,58.027272727272724,11,0.07689999999999998,0.4197272727272728,0.44,0.287,421
S0199,Adel Darwish,92.31,71.94545454545454,18,0.07689999999999998,0.2805454545454546,0.72,0.287,422
S0040,Esraa Zaki,92.31,82.28181818181818,23,0.07689999999999998,0.1771818181818182,0.92,0.286,423
S0234,Fady Saad,84.62,57.95454545454545,7,0.15379999999999996,0.42045454545454547,0.28,0.286,424
S0475,Tarek Kamel,88.46,64.10909090909091,12,0.11540000000000006,0.3589090909090909,0.48,0.286,425
S0130,Sara ElMasry,88.46,86.38181818181819,23,0.11540000000000006,0.1361818181818181,0.92,0.285,426
S0229,Aya Mahmoud,96.15,72.74545454545455,20,0.038499999999999944,0.2725454545454545,0.8,0.284,427
S0468,Sara Darwish,92.31,68.76363636363637,16,0.07689999999999998,0.31236363636363634,0.64,0.284,428
S0439,Mona Awad,92.31,82.58181818181818,23,0.07689999999999998,0.17418181818181822,0.92,0.284,429
S0034,Omar ElMasry,96.15,73.04545454545455,20,0.038499999999999944,0.26954545454545453,0.8,0.283,430
S0404,Hana Gamal,96.15,76.99090909090908,22,0.038499999999999944,0.23009090909090915,0.88,0.283,431
S0269,Rowan Darwish,92.31,75.26363636363637,19,0.07689999999999998,0.24736363636363634,0.76,0.282,432
S0437,Mariam Sultan,96.15,79.25454545454545,23,0.038499999999999944,0.2074545454545455,0.92,0.282,433
S0196,Mariam ElShafei,96.15,69.4090909090909,18,0.038499999999999944,0.3059090909090909,0.72,0.282,434
S0398,Mariam Naguib,92.31,71.26363636363637,17,0.07689999999999998,0.2873636363636363,0.68,0.282,435
S0251,Hassan Saad,96.15,75.55454545454546,21,0.038499999999999944,0.24445454545454537,0.84,0.281,436
S0077,Omar ElMasry,100.0,71.78181818181818,21,0.0,0.2821818181818182,0.84,0.281,437
S0464,Yasmin Darwish,92.31,83.43636363636364,23,0.07689999999999998,0.16563636363636364,0.92,0.281,438
S0022,Ziad Kamel,96.15,75.69090909090909,21,0.038499999999999944,0.24309090909090914,0.84,0.281,439
S0191,Menna Mahmoud,96.15,77.85454545454546,22,0.038499999999999944,0.2214545454545454,0.88,0.28,440
S0384,Mahmoud AbdelHamid,92.31,79.64545454545454,21,0.07689999999999998,0.20354545454545458,0.84,0.28,441
S0016,Mostafa Halim,96.15,81.96363636363637,24,0.038499999999999944,0.1803636363636363,0.96,0.28,442
S0431,Sara Abdelaziz,96.15,79.83636363636364,23,0.038499999999999944,0.20163636363636356,0.92,0.28,443
S0265,Esraa ElBaz,96.3,75.81818181818181,21,0.037000000000000026,0.24181818181818188,0.84,0.28,444
S0098,Mahmoud Kamel,96.15,72.39090909090909,19,0.038499999999999944,0.2760909090909091,0.76,0.278,445
S0485,Yasmin Habib,92.31,76.10909090909091,19,0.07689999999999998,0.2389090909090909,0.76,0.278,446
S0368,Jana ElBaz,92.31,68.7909090909091,15,0.07689999999999998,0.31209090909090903,0.6,0.276,447
S0104,Abdelrahman Awad,96.15,81.2090909090909,23,0.038499999999999944,0.18790909090909097,0.92,0.275,448
S0301,Sara Habib,96.15,81.10909090909091,23,0.038499999999999944,0.18890909090909092,0.92,0.275,449
S0462,Omar ElShafei,92.31,72.84545454545456,17,0.07689999999999998,0.2715454545454544,0.68,0.275,450
S0156,Mariam ElShafei,96.15,75.2,20,0.038499999999999944,0.24799999999999997,0.8,0.275,451
S0322,Ahmed Nasr,100.0,69.38181818181819,19,0.0,0.3061818181818181,0.76,0.274,452
S0289,Omar Ramadan,92.31,83.12727272727273,22,0.07689999999999998,0.16872727272727275,0.88,0.274,453
S0139,Laila Gamal,96.15,83.43636363636364,24,0.038499999999999944,0.16563636363636364,0.96,0.274,454
S0121,Mahmoud Ibrahim,92.31,73.0909090909091,17,0.07689999999999998,0.26909090909090905,0.68,0.274,455
S0318,Abdelrahman Sultan,92.31,67.58181818181818,14,0.07689999999999998,0.32418181818181824,0.56,0.272,456
S0151,Ali AbdelHamid,92.31,81.65454545454546,21,0.07689999999999998,0.18345454545454543,0.84,0.272,457
S0192,Hana Ramadan,96.15,75.83636363636364,20,0.038499999999999944,0.24163636363636357,0.8,0.272,458
S0250,Farida ElSayed,92.31,68.10000000000001,14,0.07689999999999998,0.3189999999999999,0.56,0.27,459
S0158,Mahmoud Saad,96.15,78.39090909090909,21,0.038499999999999944,0.21609090909090908,0.84,0.27,460
S0454,Habiba Soliman,88.46,64.08181818181818,10,0.11540000000000006,0.3591818181818182,0.4,0.27,461
S0325,Mona Zaki,96.15,72.60909090909091,18,0.038499999999999944,0.2739090909090909,0.72,0.269,462
S0035,Khaled Kamel,88.46,70.25454545454545,13,0.11540000000000006,0.29745454545454547,0.52,0.269,463
S0444,Menna ElBaz,92.31,74.44545454545454,17,0.07689999999999998,0.25554545454545463,0.68,0.269,464
S0372,Sara ElMasry,96.15,66.60000000000001,15,0.038499999999999944,0.3339999999999999,0.6,0.269,465
S0367,Sherif Kamel,92.31,88.74545454545455,24,0.07689999999999998,0.1125454545454545,0.96,0.268,466
S0182,Nour ElShafei,92.31,84.70909090909092,22,0.07689999999999998,0.15290909090909083,0.88,0.268,467
S0486,Salma Refaat,96.15,81.39999999999999,22,0.038499999999999944,0.18600000000000008,0.88,0.266,468
S0328,Dina Zaki,92.31,69.27272727272727,14,0.07689999999999998,0.30727272727272736,0.56,0.266,469
S0427,Omar Mahmoud,92.31,61.627272727272725,10,0.07689999999999998,0.38372727272727275,0.4,0.264,470
S0264,Hana Awad,96.15,82.13636363636364,22,0.038499999999999944,0.1786363636363636,0.88,0.263,471
S0446,Mariam Gamal,100.0,72.15454545454546,19,0.0,0.27845454545454545,0.76,0.263,472
S0181,Dina Hassan,100.0,62.345454545454544,14,0.0,0.37654545454545457,0.56,0.263,473
S0024,Hossam ElBaz,96.15,84.5909090909091,23,0.038499999999999944,0.15409090909090906,0.92,0.261,474
S0266,Khaled Hassan,96.15,74.73636363636363,18,0.038499999999999944,0.25263636363636366,0.72,0.26,475
S0458,Mariam Zaki,96.15,78.86363636363636,20,0.038499999999999944,0.2113636363636364,0.8,0.26,476
S0091,Ziad Awad,96.15,75.2,18,0.038499999999999944,0.24799999999999997,0.72,0.259,477
S0227,Abdelrahman Soliman,96.15,81.17272727272727,21,0.038499999999999944,0.18827272727272729,0.84,0.259,478
S0324,Abdelrahman Naguib,96.15,85.3,23,0.038499999999999944,0.14700000000000002,0.92,0.258,479
S0179,Esraa Awad,100.0,65.58181818181818,15,0.0,0.3441818181818182,0.6,0.258,480
S0461,Nada AbdelHamid,96.15,83.5,22,0.038499999999999944,0.165,0.88,0.257,481
S0255,Laila Ramadan,96.15,85.5,23,0.038499999999999944,0.145,0.92,0.257,482
S0102,Farida ElShafei,96.15,68.42727272727274,14,0.038499999999999944,0.31572727272727263,0.56,0.254,483
S0165,Nada Saad,96.15,88.60909090909091,24,0.038499999999999944,0.1139090909090909,0.96,0.253,484
S0308,Marwan Saad,96.15,78.91818181818182,19,0.038499999999999944,0.2108181818181818,0.76,0.252,485
S0100,Sherif ElMasry,96.15,81.00909090909092,20,0.038499999999999944,0.18990909090909086,0.8,0.251,486
S0081,Mostafa ElMasry,96.15,61.054545454545455,10,0.038499999999999944,0.38945454545454544,0.4,0.251,487
S0231,Adel Shawky,100.0,69.58181818181818,16,0.0,0.3041818181818182,0.64,0.25,488
S0359,Dina Habib,100.0,86.7909090909091,24,0.0,0.13209090909090904,0.96,0.245,489
S0002,Mona Abdelaziz,96.15,94.14545454545454,24,0.038499999999999944,0.05854545454545459,0.96,0.231,490
S0082,Fady Shawky,100.0,89.06363636363636,23,0.0,0.10936363636363637,0.92,0.228,491
S0433,Mona Kamel,100.0,71.82727272727273,14,0.0,0.2817272727272727,0.56,0.225,492
S0092,Rowan Hassan,100.0,88.74545454545455,21,0.0,0.1125454545454545,0.84,0.213,493
